<?xml version="1.0" encoding="utf-8"?>
<extension type="template" client="site">
	<name>garrahan</name>
	<version>2.0</version>
	<creationDate>Marzo 2023</creationDate>
	<author>Diego Moreno</author>
	<authorEmail>info@pymesign.com</authorEmail>
	<copyright>(C) 2017 Open Source Matters, Inc.</copyright>
	<description>TPL_GARRAHAN_XML_DESCRIPTION</description>
	<inheritable>1</inheritable>
	<files>
		<filename>component.php</filename>
		<filename>error.php</filename>
		<filename>index.php</filename>
		<filename>joomla.asset.json</filename>
		<filename>offline.php</filename>
		<filename>templateDetails.xml</filename>				
		<folder>html</folder>		
	</files>
	<media destination="templates/site/garrahan" folder="media">
		<folder>js</folder>
		<folder>css</folder>
		<folder>scss</folder>
		<folder>images</folder>
	</media>
	<positions>
		<position>contact</position>
		<position>topbar</position>
		<position>below-top</position>
		<position>menu</position>
		<position>search</position>
		<position>banner</position>
		<position>logo</position>
		<position>inset</position>
		<position>top-a</position>
		<position>titulo-top-b</position>
		<position>titulo-bottom-b</position>
		<position>titulo-bottom-e</position>
		<position>titulo-comp</position>
		<position>top-b</position>
		<position>main-top</position>
		<position>main-bottom</position>
		<position>breadcrumbs</position>
		<position>sidebar-left</position>
		<position>sidebar-right</position>
		<position>bottom-a</position>
		<position>bottom-b</position>
		<position>bottom-c</position>
		<position>bottom-d</position>
		<position>bottom-e</position>
		<position>logos</position>
		<position>footer</position>
		<position>debug</position>
	</positions>
	<languages folder="language">
		<language tag="en-GB">en-GB/tpl_garrahan.ini</language>
		<language tag="en-GB">en-GB/tpl_garrahan.sys.ini</language>
	</languages>
	<config>
		<fields name="params">
			<fieldset name="advanced">
				<field name="brand" type="radio" label="TPL_GARRAHAN_BRAND_LABEL" default="1" layout="joomla.form.field.radio.switcher" filter="boolean">
					<option value="0">JNO</option>
					<option value="1">JYES</option>
				</field>

				<field name="logoFile" type="media" default="" label="TPL_GARRAHAN_LOGO_LABEL" showon="brand:1" />

				<field name="siteTitle" type="text" default="" label="TPL_GARRAHAN_TITLE" filter="string" showon="brand:1" />

				<field name="siteDescription" type="text" default="" label="TPL_GARRAHAN_TAGLINE" filter="string" showon="brand:1" />

				<field name="useFontScheme" type="groupedlist" label="TPL_GARRAHAN_FONT_LABEL" default="0">
					<option value="0">JNONE</option>
					<group label="TPL_GARRAHAN_FONT_GROUP_LOCAL">
						<option value="media/templates/site/garrahan/css/global/fonts-local_roboto.css">Roboto (local)</option>
					</group>
					<group label="TPL_GARRAHAN_FONT_GROUP_WEB">
						<option value="https://fonts.googleapis.com/css2?family=Fira+Sans:wght@100;300;400;700&amp;display=swap">Fira Sans (web)</option>
						<option value="https://fonts.googleapis.com/css2?family=Noto+Sans:wght@100;300;400;700&amp;family=Roboto:wght@100;300;400;700&amp;display=swap">Roboto + Noto Sans (web)</option>
						<option value="https://fonts.googleapis.com/css2?family=Encode+Sans:wght@100;200;300;400;500;600;700;800;900&amp;display=swap">Encode Sans (web)</option>
					</group>
				</field>

				<field name="noteFontScheme" type="note" description="TPL_GARRAHAN_FONT_NOTE_TEXT" class="alert alert-warning" />

				<field
					name="colorName"
					type="filelist"
					label="TPL_GARRAHAN_COLOR_NAME_LABEL"
					default="colors_standard"
					fileFilter="^custom.+[^min]\.css$"
					exclude="^colors.+"
					stripext="true"
					hide_none="true"
					hide_default="true"
					directory="media/templates/site/garrahan/css/global/"
					validate="options"
					>
					<option value="colors_standard">TPL_GARRAHAN_COLOR_NAME_STANDARD</option>
					<option value="colors_alternative">TPL_GARRAHAN_COLOR_NAME_ALTERNATIVE</option>
				</field>

				<field name="fluidContainer" type="radio" layout="joomla.form.field.radio.switcher" default="0" label="TPL_GARRAHAN_FLUID_LABEL">
					<option value="0">TPL_GARRAHAN_STATIC</option>
					<option value="1">TPL_GARRAHAN_FLUID</option>
				</field>

				<field name="stickyHeader" type="radio" label="TPL_GARRAHAN_STICKY_LABEL" layout="joomla.form.field.radio.switcher" default="0" filter="integer">
					<option value="0">JNO</option>
					<option value="1">JYES</option>
				</field>

				<field name="backTop" type="radio" label="TPL_GARRAHAN_BACKTOTOP_LABEL" layout="joomla.form.field.radio.switcher" default="0" filter="integer">
					<option value="0">JNO</option>
					<option value="1">JYES</option>
				</field>
			</fieldset>
		</fields>
	</config>
</extension>
